collection_date,site_name,name,sewershed_pop,N_Gene_gc_g_dry_weight,Average
2023-01-03,East Bay Municipal Utility District,"Oakland, CA",740000,299863.5327407408,0.40522099019019026
2023-01-04,East Bay Municipal Utility District,"Oakland, CA",740000,58661.312527407405,0.07927204395595595
2023-01-05,East Bay Municipal Utility District,"Oakland, CA",740000,352958.65585321095,0.4769711565583932
2023-01-10,East Bay Municipal Utility District,"Oakland, CA",740000,104551.03439379846,0.14128518161324116
2023-01-11,East Bay Municipal Utility District,"Oakland, CA",740000,88848.66133333332,0.12006575855855854
2023-01-12,East Bay Municipal Utility District,"Oakland, CA",740000,131196.18027128425,0.17729213550173548
2023-01-17,East Bay Municipal Utility District,"Oakland, CA",740000,207263.290265233,0.28008552738545
2023-01-18,East Bay Municipal Utility District,"Oakland, CA",740000,114733.0865665349,0.15504471157639851
2023-01-19,East Bay Municipal Utility District,"Oakland, CA",740000,44650.97421261261,0.06033915434136839
2023-01-24,East Bay Municipal Utility District,"Oakland, CA",740000,190607.3406464646,0.2575774873600873
2023-01-25,East Bay Municipal Utility District,"Oakland, CA",740000,222792.70074431057,0.30107121722204133
2023-01-26,East Bay Municipal Utility District,"Oakland, CA",740000,136098.77610256412,0.18391726500346503
2023-01-31,East Bay Municipal Utility District,"Oakland, CA",740000,169680.82492077726,0.2292984120551044
2023-02-01,East Bay Municipal Utility District,"Oakland, CA",740000,86389.36362666667,0.11674238327927929
2023-02-02,East Bay Municipal Utility District,"Oakland, CA",740000,372553.10058666667,0.503450135927928
2023-02-07,East Bay Municipal Utility District,"Oakland, CA",740000,477891.5797150996,0.6457994320474318
2023-02-08,East Bay Municipal Utility District,"Oakland, CA",740000,26955.12952121212,0.0364258507043407
2023-02-09,East Bay Municipal Utility District,"Oakland, CA",740000,250850.73651758084,0.33898748178051463
2023-02-14,East Bay Municipal Utility District,"Oakland, CA",740000,318418.7396601308,0.43029559413531193
2023-02-15,East Bay Municipal Utility District,"Oakland, CA",740000,316561.0802007168,0.42778524351448216
2023-02-16,East Bay Municipal Utility District,"Oakland, CA",740000,116777.68460455486,0.15780768189804711
2023-02-21,East Bay Municipal Utility District,"Oakland, CA",740000,150537.54569204737,0.203429115800064
2023-02-22,East Bay Municipal Utility District,"Oakland, CA",740000,171991.8888270945,0.2324214713879655
2023-02-23,East Bay Municipal Utility District,"Oakland, CA",740000,157631.6261082024,0.21301571095703029
2023-02-28,East Bay Municipal Utility District,"Oakland, CA",740000,320031.11481413204,0.43247447947855683
2023-03-01,East Bay Municipal Utility District,"Oakland, CA",740000,262376.14946341456,0.3545623641397494
2023-03-02,East Bay Municipal Utility District,"Oakland, CA",740000,197099.00605582923,0.26635000818355303
2023-03-07,East Bay Municipal Utility District,"Oakland, CA",740000,104552.23139784946,0.14128679918628306
2023-03-08,East Bay Municipal Utility District,"Oakland, CA",740000,102444.53814492752,0.13843856506071286
2023-03-09,East Bay Municipal Utility District,"Oakland, CA",740000,116552.50899800398,0.1575033905378432
2023-03-14,East Bay Municipal Utility District,"Oakland, CA",740000,146413.49117602993,0.1978560691567972
2023-03-15,East Bay Municipal Utility District,"Oakland, CA",740000,85797.45938508371,0.11594251268254556
2023-03-16,East Bay Municipal Utility District,"Oakland, CA",740000,65766.77161111111,0.08887401569069069
2023-03-21,East Bay Municipal Utility District,"Oakland, CA",740000,126237.3697142857,0.17059104015444013
2023-03-22,East Bay Municipal Utility District,"Oakland, CA",740000,87345.77955555555,0.11803483723723723
2023-03-23,East Bay Municipal Utility District,"Oakland, CA",740000,18835.39643572327,0.025453238426653067
2023-03-28,East Bay Municipal Utility District,"Oakland, CA",740000,120207.80393849988,0.1624429782952701
2023-03-29,East Bay Municipal Utility District,"Oakland, CA",740000,58166.87331812481,0.07860388286233082
2023-03-30,East Bay Municipal Utility District,"Oakland, CA",740000,523986.95998386544,0.708090486464683
2023-04-04,East Bay Municipal Utility District,"Oakland, CA",740000,83826.41982069382,0.11327894570364029
2023-04-05,East Bay Municipal Utility District,"Oakland, CA",740000,139118.92243033744,0.18799854382478032
2023-04-06,East Bay Municipal Utility District,"Oakland, CA",740000,143474.8173777031,0.1938848883482474
2023-04-11,East Bay Municipal Utility District,"Oakland, CA",740000,37792.726988826485,0.05107125268760336
2023-04-12,East Bay Municipal Utility District,"Oakland, CA",740000,288489.4501693252,0.389850608336926
2023-04-13,East Bay Municipal Utility District,"Oakland, CA",740000,15226.01960449438,0.02057570216823565
2023-04-18,East Bay Municipal Utility District,"Oakland, CA",740000,63315.52367757984,0.085561518483216
2023-04-19,East Bay Municipal Utility District,"Oakland, CA",740000,102234.19156518747,0.13815431292592903
2023-04-20,East Bay Municipal Utility District,"Oakland, CA",740000,144227.37906009538,0.19490186359472347
2023-04-25,East Bay Municipal Utility District,"Oakland, CA",740000,111808.53003065952,0.1510926081495399
2023-04-26,East Bay Municipal Utility District,"Oakland, CA",740000,84534.58227732986,0.1142359219963917
2023-04-27,East Bay Municipal Utility District,"Oakland, CA",740000,87977.8242169297,0.1188889516444996
2023-05-02,East Bay Municipal Utility District,"Oakland, CA",740000,68192.04815927603,0.0921514164314541
2023-05-03,East Bay Municipal Utility District,"Oakland, CA",740000,173632.68660383194,0.23463876568085398
2023-05-04,East Bay Municipal Utility District,"Oakland, CA",740000,78505.09925349845,0.1060879719641871
2023-05-09,East Bay Municipal Utility District,"Oakland, CA",740000,62543.31732405153,0.08451799638385342
2023-05-10,East Bay Municipal Utility District,"Oakland, CA",740000,128327.8820392157,0.17341605680975095
2023-05-11,East Bay Municipal Utility District,"Oakland, CA",740000,116203.8225728149,0.15703219266596607
2023-05-16,East Bay Municipal Utility District,"Oakland, CA",740000,125436.88688214651,0.1695093065974953
2023-05-17,East Bay Municipal Utility District,"Oakland, CA",740000,85705.76059037435,0.11581859539239778
2023-05-18,East Bay Municipal Utility District,"Oakland, CA",740000,47905.988013467664,0.06473782163982117
2023-05-23,East Bay Municipal Utility District,"Oakland, CA",740000,36066.03676102302,0.04873788751489597
2023-05-24,East Bay Municipal Utility District,"Oakland, CA",740000,3894.620176280432,0.0052630002382168
2023-05-25,East Bay Municipal Utility District,"Oakland, CA",740000,101891.34047862267,0.1376910006467874
2023-05-30,East Bay Municipal Utility District,"Oakland, CA",740000,63964.20290966132,0.08643811204008287
2023-05-31,East Bay Municipal Utility District,"Oakland, CA",740000,10064.279840149396,0.013600378162364049
2023-06-01,East Bay Municipal Utility District,"Oakland, CA",740000,32548.806300346027,0.04398487337884598
2023-06-06,East Bay Municipal Utility District,"Oakland, CA",740000,8082.729243484412,0.010922607085789746
2023-06-07,East Bay Municipal Utility District,"Oakland, CA",740000,76963.48548840337,0.10400471011946401
2023-06-08,East Bay Municipal Utility District,"Oakland, CA",740000,0.0,0.0
2023-06-13,East Bay Municipal Utility District,"Oakland, CA",740000,5898.246967138136,0.00797060400964613
2023-06-14,East Bay Municipal Utility District,"Oakland, CA",740000,29937.125898580125,0.040455575538621794
2023-06-15,East Bay Municipal Utility District,"Oakland, CA",740000,252335.8305853976,0.3409943656559427
2023-06-20,East Bay Municipal Utility District,"Oakland, CA",740000,70573.0667267974,0.09536900909026677
2023-06-21,East Bay Municipal Utility District,"Oakland, CA",740000,67705.52267864527,0.09149394956573685
2023-06-22,East Bay Municipal Utility District,"Oakland, CA",740000,34272.027895529405,0.04631355121017487
2023-06-27,East Bay Municipal Utility District,"Oakland, CA",740000,74300.07225434174,0.10040550304640775
2023-06-28,East Bay Municipal Utility District,"Oakland, CA",740000,95823.47094103212,0.12949117694734072
2023-06-29,East Bay Municipal Utility District,"Oakland, CA",740000,129034.05293107184,0.17437034179874572
2023-07-03,East Bay Municipal Utility District,"Oakland, CA",740000,34327.04483565397,0.046387898426559424
2023-07-05,East Bay Municipal Utility District,"Oakland, CA",740000,33894.95407642242,0.04580399199516544
2023-07-06,East Bay Municipal Utility District,"Oakland, CA",740000,75736.02581658972,0.10234598083322936
2023-07-11,East Bay Municipal Utility District,"Oakland, CA",740000,53089.73459369139,0.07174288458606945
2023-07-12,East Bay Municipal Utility District,"Oakland, CA",740000,63341.601569563936,0.0855967588777891
2023-07-13,East Bay Municipal Utility District,"Oakland, CA",740000,97824.57623126052,0.1321953732854872
2023-07-18,East Bay Municipal Utility District,"Oakland, CA",740000,46671.29346362679,0.06306931549138756
2023-07-19,East Bay Municipal Utility District,"Oakland, CA",740000,63635.07659509804,0.0859933467501325
2023-07-20,East Bay Municipal Utility District,"Oakland, CA",740000,47863.792247035526,0.06468080033383179
2023-07-24,East Bay Municipal Utility District,"Oakland, CA",740000,64642.98883233491,0.0873553903139661
2023-07-26,East Bay Municipal Utility District,"Oakland, CA",740000,95418.42319741436,0.12894381513164102
2023-07-27,East Bay Municipal Utility District,"Oakland, CA",740000,2892.8931421332595,0.003909315056936837
2023-08-01,East Bay Municipal Utility District,"Oakland, CA",740000,25996.707011764705,0.03513068515103339
2023-08-02,East Bay Municipal Utility District,"Oakland, CA",740000,135714.02361389532,0.18339732920796664
2023-08-03,East Bay Municipal Utility District,"Oakland, CA",740000,74663.56167214304,0.10089670496235546
2023-08-08,East Bay Municipal Utility District,"Oakland, CA",740000,227233.03861269107,0.30707167380093386
2023-08-09,East Bay Municipal Utility District,"Oakland, CA",740000,118194.09881981426,0.15972175516191117
2023-08-10,East Bay Municipal Utility District,"Oakland, CA",740000,53751.720729380606,0.07263746044510892
2023-08-15,East Bay Municipal Utility District,"Oakland, CA",740000,24095.85913755548,0.0325619718075074
2023-08-16,East Bay Municipal Utility District,"Oakland, CA",740000,85131.57893311846,0.11504267423394388
2023-08-17,East Bay Municipal Utility District,"Oakland, CA",740000,92045.71393492316,0.12438609991205832
2023-08-22,East Bay Municipal Utility District,"Oakland, CA",740000,76453.55126450503,0.10331560981689869
2023-08-23,East Bay Municipal Utility District,"Oakland, CA",740000,91763.84420392156,0.12400519487016427
2023-08-24,East Bay Municipal Utility District,"Oakland, CA",740000,275061.760372052,0.37170508158385407
2023-08-29,East Bay Municipal Utility District,"Oakland, CA",740000,109893.30068705884,0.14850446038791737
2023-08-30,East Bay Municipal Utility District,"Oakland, CA",740000,164370.56836693446,0.22212238968504658
2023-08-31,East Bay Municipal Utility District,"Oakland, CA",740000,123141.20914168798,0.16640703938065943
2023-09-06,East Bay Municipal Utility District,"Oakland, CA",740000,85560.4663969258,0.11562225188773756
2023-09-07,East Bay Municipal Utility District,"Oakland, CA",740000,223356.3001589244,0.3018328380526005
2023-09-12,East Bay Municipal Utility District,"Oakland, CA",740000,38506.8030922172,0.0520362203948881
2023-09-13,East Bay Municipal Utility District,"Oakland, CA",740000,2232.701840751678,0.0030171646496644296
2023-09-14,East Bay Municipal Utility District,"Oakland, CA",740000,166348.3281589825,0.22479503805267906
2023-09-19,East Bay Municipal Utility District,"Oakland, CA",740000,41375.553851839,0.055912910610593246
2023-09-20,East Bay Municipal Utility District,"Oakland, CA",740000,36224.84440929972,0.04895249244499963
2023-09-21,East Bay Municipal Utility District,"Oakland, CA",740000,97576.02357544756,0.13185949131817237
2023-09-26,East Bay Municipal Utility District,"Oakland, CA",740000,62228.17883307757,0.08409213355821293
2023-09-27,East Bay Municipal Utility District,"Oakland, CA",740000,80303.21595981496,0.10851785940515535
2023-09-28,East Bay Municipal Utility District,"Oakland, CA",740000,8337.539504961096,0.011266945276974454
2023-10-03,East Bay Municipal Utility District,"Oakland, CA",740000,32883.08052982312,0.044436595310571786
2023-10-04,East Bay Municipal Utility District,"Oakland, CA",740000,38110.20987762135,0.051500283618407236
2023-10-05,East Bay Municipal Utility District,"Oakland, CA",740000,192431.6556322364,0.2600427778814005
2023-10-10,East Bay Municipal Utility District,"Oakland, CA",740000,52815.84040436239,0.07137275730319241
2023-10-11,East Bay Municipal Utility District,"Oakland, CA",740000,67364.96835764706,0.09103374102384737
2023-10-12,East Bay Municipal Utility District,"Oakland, CA",740000,25686.02432606335,0.03471084368386939
2023-10-17,East Bay Municipal Utility District,"Oakland, CA",740000,28066.456017469314,0.03792764326685043
2023-10-18,East Bay Municipal Utility District,"Oakland, CA",740000,60140.8948415101,0.08127147951555419
2023-10-19,East Bay Municipal Utility District,"Oakland, CA",740000,105722.95008627456,0.1428688514679386
2023-10-24,East Bay Municipal Utility District,"Oakland, CA",740000,17336.012622222224,0.023427044084084088
2023-10-25,East Bay Municipal Utility District,"Oakland, CA",740000,43296.54029903913,0.05850883824194477
2023-10-26,East Bay Municipal Utility District,"Oakland, CA",740000,42546.85184201368,0.05749574573245092
2023-10-31,East Bay Municipal Utility District,"Oakland, CA",740000,14710.973262047932,0.01987969359736207
2023-11-01,East Bay Municipal Utility District,"Oakland, CA",740000,17179.024052885154,0.023214897368763723
2023-11-02,East Bay Municipal Utility District,"Oakland, CA",740000,10580.030472136625,0.014297338475860304
2023-11-07,East Bay Municipal Utility District,"Oakland, CA",740000,112052.66791001032,0.15142252420271665
2023-11-08,East Bay Municipal Utility District,"Oakland, CA",740000,90851.6765744422,0.12277253591140838
2023-11-09,East Bay Municipal Utility District,"Oakland, CA",740000,63845.44038308038,0.08627762213929781
2023-11-14,East Bay Municipal Utility District,"Oakland, CA",740000,99338.33598301635,0.13424099457164373
2023-11-15,East Bay Municipal Utility District,"Oakland, CA",740000,74046.74489228419,0.10006316877335701
2023-11-16,East Bay Municipal Utility District,"Oakland, CA",740000,44491.98633116769,0.060124305852929306
2023-11-20,East Bay Municipal Utility District,"Oakland, CA",740000,84148.71459215689,0.11371447917859039
2023-11-21,East Bay Municipal Utility District,"Oakland, CA",740000,95905.24823886412,0.12960168680927583
2023-11-22,East Bay Municipal Utility District,"Oakland, CA",740000,101193.51036214264,0.13674798697586843
2023-11-28,East Bay Municipal Utility District,"Oakland, CA",740000,20621.82395607843,0.027867329670376258
2023-11-29,East Bay Municipal Utility District,"Oakland, CA",740000,154764.84877111562,0.20914168752853463
2023-11-30,East Bay Municipal Utility District,"Oakland, CA",740000,170442.74586672726,0.23032803495503684
2023-12-05,East Bay Municipal Utility District,"Oakland, CA",740000,113456.39946321418,0.1533194587340732
2023-12-06,East Bay Municipal Utility District,"Oakland, CA",740000,136623.42249533205,0.18462624661531357
2023-12-07,East Bay Municipal Utility District,"Oakland, CA",740000,33928.929589282954,0.04584990485038237
2023-12-12,East Bay Municipal Utility District,"Oakland, CA",740000,227825.04071234143,0.30787167663829923
2023-12-13,East Bay Municipal Utility District,"Oakland, CA",740000,671681.3928470588,0.9076775579014309
2023-12-14,East Bay Municipal Utility District,"Oakland, CA",740000,128800.45954179567,0.17405467505648065
2023-12-19,East Bay Municipal Utility District,"Oakland, CA",740000,209625.7874467974,0.2832780911443208
2023-12-20,East Bay Municipal Utility District,"Oakland, CA",740000,234851.629973392,0.3173670675316108
2023-12-21,East Bay Municipal Utility District,"Oakland, CA",740000,713087.6930795847,0.9636320176751145
2023-12-27,East Bay Municipal Utility District,"Oakland, CA",740000,193014.75243636363,0.26083074653562655
2023-12-28,East Bay Municipal Utility District,"Oakland, CA",740000,231148.0232149481,0.31236219353371364
2023-12-29,East Bay Municipal Utility District,"Oakland, CA",740000,494299.2427643093,0.667971949681499
2023-01-03,City of San Leandro Water Pollution Control Plant,"San Leandro, CA",50000,140556.42628571426,2.811128525714285
2023-01-04,City of San Leandro Water Pollution Control Plant,"San Leandro, CA",50000,108437.65479136688,2.1687530958273373
2023-01-05,City of San Leandro Water Pollution Control Plant,"San Leandro, CA",50000,487763.801218107,9.75527602436214
2023-01-10,City of San Leandro Water Pollution Control Plant,"San Leandro, CA",50000,438814.3502222223,8.776287004444445
2023-01-11,City of San Leandro Water Pollution Control Plant,"San Leandro, CA",50000,653061.9653639848,13.061239307279696
2023-01-12,City of San Leandro Water Pollution Control Plant,"San Leandro, CA",50000,1635414.7131733336,32.70829426346667
2023-01-17,City of San Leandro Water Pollution Control Plant,"San Leandro, CA",50000,315482.3797410072,6.309647594820143
2023-01-18,City of San Leandro Water Pollution Control Plant,"San Leandro, CA",50000,36169.48460155039,0.7233896920310079
2023-01-19,City of San Leandro Water Pollution Control Plant,"San Leandro, CA",50000,93559.5311020408,1.8711906220408159
2023-01-24,City of San Leandro Water Pollution Control Plant,"San Leandro, CA",50000,67839.53671957673,1.3567907343915346
2023-01-25,City of San Leandro Water Pollution Control Plant,"San Leandro, CA",50000,189949.44668013463,3.7989889336026925
2023-01-26,City of San Leandro Water Pollution Control Plant,"San Leandro, CA",50000,34942.82230465549,0.6988564460931098
2023-01-31,City of San Leandro Water Pollution Control Plant,"San Leandro, CA",50000,215063.94849249243,4.301278969849848
2023-02-01,City of San Leandro Water Pollution Control Plant,"San Leandro, CA",50000,537853.2278762886,10.757064557525771
2023-02-02,City of San Leandro Water Pollution Control Plant,"San Leandro, CA",50000,191751.0091851852,3.835020183703704
2023-02-07,City of San Leandro Water Pollution Control Plant,"San Leandro, CA",50000,580947.2604670913,11.618945209341828
2023-02-08,City of San Leandro Water Pollution Control Plant,"San Leandro, CA",50000,288954.6750877192,5.779093501754384
2023-02-09,City of San Leandro Water Pollution Control Plant,"San Leandro, CA",50000,157775.26502988508,3.1555053005977016
2023-02-14,City of San Leandro Water Pollution Control Plant,"San Leandro, CA",50000,151278.86691625614,3.0255773383251228
2023-02-15,City of San Leandro Water Pollution Control Plant,"San Leandro, CA",50000,516786.6100363636,10.335732200727271
2023-02-16,City of San Leandro Water Pollution Control Plant,"San Leandro, CA",50000,333426.7391834626,6.6685347836692515
2023-02-21,City of San Leandro Water Pollution Control Plant,"San Leandro, CA",50000,339265.4040283688,6.785308080567376
2023-02-22,City of San Leandro Water Pollution Control Plant,"San Leandro, CA",50000,319030.11113178293,6.380602222635659
2023-02-23,City of San Leandro Water Pollution Control Plant,"San Leandro, CA",50000,367822.0357948719,7.356440715897438
2023-02-28,City of San Leandro Water Pollution Control Plant,"San Leandro, CA",50000,545576.9857122806,10.911539714245611
2023-03-01,City of San Leandro Water Pollution Control Plant,"San Leandro, CA",50000,330029.2701052632,6.600585402105264
2023-03-02,City of San Leandro Water Pollution Control Plant,"San Leandro, CA",50000,541234.8937599999,10.824697875199998
2023-03-07,City of San Leandro Water Pollution Control Plant,"San Leandro, CA",50000,42008.99638857142,0.8401799277714284
2023-03-08,City of San Leandro Water Pollution Control Plant,"San Leandro, CA",50000,165995.8807912088,3.319917615824176
2023-03-09,City of San Leandro Water Pollution Control Plant,"San Leandro, CA",50000,639952.0812851405,12.79904162570281
2023-03-14,City of San Leandro Water Pollution Control Plant,"San Leandro, CA",50000,337302.44043781084,6.746048808756217
2023-03-15,City of San Leandro Water Pollution Control Plant,"San Leandro, CA",50000,38688.35530212766,0.7737671060425532
2023-03-16,City of San Leandro Water Pollution Control Plant,"San Leandro, CA",50000,72341.97533004926,1.4468395066009851
2023-03-21,City of San Leandro Water Pollution Control Plant,"San Leandro, CA",50000,475072.553060932,9.50145106121864
2023-03-22,City of San Leandro Water Pollution Control Plant,"San Leandro, CA",50000,59199.3121895093,1.183986243790186
2023-03-23,City of San Leandro Water Pollution Control Plant,"San Leandro, CA",50000,255557.87266230935,5.111157453246187
2023-03-28,City of San Leandro Water Pollution Control Plant,"San Leandro, CA",50000,17091.04187397647,0.34182083747952935
2023-03-29,City of San Leandro Water Pollution Control Plant,"San Leandro, CA",50000,140333.28181719457,2.8066656363438915
2023-03-30,City of San Leandro Water Pollution Control Plant,"San Leandro, CA",50000,55394.51299764706,1.1078902599529412
2023-04-04,City of San Leandro Water Pollution Control Plant,"San Leandro, CA",50000,231330.34935139632,4.626606987027927
2023-04-05,City of San Leandro Water Pollution Control Plant,"San Leandro, CA",50000,110959.62522352944,2.219192504470589
2023-04-06,City of San Leandro Water Pollution Control Plant,"San Leandro, CA",50000,342125.90638849675,6.842518127769935
2023-04-11,City of San Leandro Water Pollution Control Plant,"San Leandro, CA",50000,365144.9781277737,7.302899562555473
2023-04-12,City of San Leandro Water Pollution Control Plant,"San Leandro, CA",50000,100879.39831932774,2.0175879663865546
2023-04-13,City of San Leandro Water Pollution Control Plant,"San Leandro, CA",50000,442407.3534073872,8.848147068147744
2023-04-18,City of San Leandro Water Pollution Control Plant,"San Leandro, CA",50000,223075.22046973265,4.461504409394653
2023-04-19,City of San Leandro Water Pollution Control Plant,"San Leandro, CA",50000,230275.03801332388,4.6055007602664775
2023-04-20,City of San Leandro Water Pollution Control Plant,"San Leandro, CA",50000,310450.0581333334,6.209001162666668
2023-04-25,City of San Leandro Water Pollution Control Plant,"San Leandro, CA",50000,130438.95356726344,2.6087790713452685
2023-04-26,City of San Leandro Water Pollution Control Plant,"San Leandro, CA",50000,151007.00537502018,3.0201401075004037
2023-04-27,City of San Leandro Water Pollution Control Plant,"San Leandro, CA",50000,170964.42727430342,3.4192885454860686
2023-05-02,City of San Leandro Water Pollution Control Plant,"San Leandro, CA",50000,234626.42177471268,4.692528435494253
2023-05-03,City of San Leandro Water Pollution Control Plant,"San Leandro, CA",50000,38310.82330133335,0.766216466026667
2023-05-04,City of San Leandro Water Pollution Control Plant,"San Leandro, CA",50000,75343.31185333813,1.5068662370667627
2023-05-09,City of San Leandro Water Pollution Control Plant,"San Leandro, CA",50000,408361.47323381127,8.167229464676225
2023-05-10,City of San Leandro Water Pollution Control Plant,"San Leandro, CA",50000,53905.8976146272,1.0781179522925441
2023-05-11,City of San Leandro Water Pollution Control Plant,"San Leandro, CA",50000,216218.56639365503,4.3243713278731
2023-05-16,City of San Leandro Water Pollution Control Plant,"San Leandro, CA",50000,145860.875040724,2.91721750081448
2023-05-17,City of San Leandro Water Pollution Control Plant,"San Leandro, CA",50000,322345.03285392164,6.446900657078433
2023-05-18,City of San Leandro Water Pollution Control Plant,"San Leandro, CA",50000,200808.11458212847,4.016162291642569
2023-05-23,City of San Leandro Water Pollution Control Plant,"San Leandro, CA",50000,107332.3355392,2.1466467107839997
2023-05-24,City of San Leandro Water Pollution Control Plant,"San Leandro, CA",50000,112803.90148359133,2.2560780296718264
2023-05-25,City of San Leandro Water Pollution Control Plant,"San Leandro, CA",50000,74108.41940282719,1.4821683880565437
2023-05-30,City of San Leandro Water Pollution Control Plant,"San Leandro, CA",50000,66031.10833500796,1.3206221667001592
2023-05-31,City of San Leandro Water Pollution Control Plant,"San Leandro, CA",50000,155478.98605594772,3.1095797211189544
2023-06-01,City of San Leandro Water Pollution Control Plant,"San Leandro, CA",50000,160214.34542222222,3.2042869084444443
2023-06-06,City of San Leandro Water Pollution Control Plant,"San Leandro, CA",50000,174187.61261506708,3.4837522523013416
2023-06-07,City of San Leandro Water Pollution Control Plant,"San Leandro, CA",50000,100800.62921456584,2.0160125842913166
2023-06-08,City of San Leandro Water Pollution Control Plant,"San Leandro, CA",50000,137131.53169247607,2.7426306338495214
2023-06-13,City of San Leandro Water Pollution Control Plant,"San Leandro, CA",50000,16853.32275160494,0.3370664550320988
2023-06-14,City of San Leandro Water Pollution Control Plant,"San Leandro, CA",50000,74179.3372634814,1.483586745269628
2023-06-15,City of San Leandro Water Pollution Control Plant,"San Leandro, CA",50000,260545.26184253395,5.210905236850679
2023-06-20,City of San Leandro Water Pollution Control Plant,"San Leandro, CA",50000,19846.463979530698,0.39692927959061397
2023-06-21,City of San Leandro Water Pollution Control Plant,"San Leandro, CA",50000,31247.0783062126,0.624941566124252
2023-06-22,City of San Leandro Water Pollution Control Plant,"San Leandro, CA",50000,38830.16991826245,0.776603398365249
2023-06-27,City of San Leandro Water Pollution Control Plant,"San Leandro, CA",50000,95482.735565918,1.90965471131836
2023-06-28,City of San Leandro Water Pollution Control Plant,"San Leandro, CA",50000,20496.77940949891,0.4099355881899782
2023-06-29,City of San Leandro Water Pollution Control Plant,"San Leandro, CA",50000,59798.0937683836,1.195961875367672
2023-07-04,City of San Leandro Water Pollution Control Plant,"San Leandro, CA",50000,35463.40893259295,0.7092681786518591
2023-07-05,City of San Leandro Water Pollution Control Plant,"San Leandro, CA",50000,20010.15216199939,0.40020304323998784
2023-07-06,City of San Leandro Water Pollution Control Plant,"San Leandro, CA",50000,44442.14160700876,0.8888428321401751
2023-07-11,City of San Leandro Water Pollution Control Plant,"San Leandro, CA",50000,31510.320607349317,0.6302064121469864
2023-07-12,City of San Leandro Water Pollution Control Plant,"San Leandro, CA",50000,75118.80678396256,1.502376135679251
2023-07-13,City of San Leandro Water Pollution Control Plant,"San Leandro, CA",50000,29759.139098605217,0.5951827819721044
2023-07-18,City of San Leandro Water Pollution Control Plant,"San Leandro, CA",50000,6488.880628845317,0.12977761257690634
2023-07-19,City of San Leandro Water Pollution Control Plant,"San Leandro, CA",50000,23617.92242968325,0.472358448593665
2023-07-20,City of San Leandro Water Pollution Control Plant,"San Leandro, CA",50000,130717.0342383632,2.6143406847672637
2023-07-25,City of San Leandro Water Pollution Control Plant,"San Leandro, CA",50000,34738.73336032087,0.6947746672064173
2023-07-26,City of San Leandro Water Pollution Control Plant,"San Leandro, CA",50000,49168.17021037849,0.9833634042075698
2023-07-27,City of San Leandro Water Pollution Control Plant,"San Leandro, CA",50000,66448.3244417094,1.3289664888341879
2023-08-01,City of San Leandro Water Pollution Control Plant,"San Leandro, CA",50000,152287.1718357743,3.045743436715486
2023-08-02,City of San Leandro Water Pollution Control Plant,"San Leandro, CA",50000,1047465.8210021788,20.949316420043576
2023-08-03,City of San Leandro Water Pollution Control Plant,"San Leandro, CA",50000,131894.1870649616,2.6378837412992318
2023-08-08,City of San Leandro Water Pollution Control Plant,"San Leandro, CA",50000,368004.4854867793,7.360089709735586
2023-08-09,City of San Leandro Water Pollution Control Plant,"San Leandro, CA",50000,125268.35204676654,2.505367040935331
2023-08-10,City of San Leandro Water Pollution Control Plant,"San Leandro, CA",50000,52352.003043871744,1.0470400608774348
2023-08-15,City of San Leandro Water Pollution Control Plant,"San Leandro, CA",50000,207833.48044705883,4.1566696089411765
2023-08-16,City of San Leandro Water Pollution Control Plant,"San Leandro, CA",50000,203811.66988214,4.0762333976428
2023-08-17,City of San Leandro Water Pollution Control Plant,"San Leandro, CA",50000,90077.39841201504,1.8015479682403008
2023-08-22,City of San Leandro Water Pollution Control Plant,"San Leandro, CA",50000,286915.6230501236,5.738312461002472
2023-08-23,City of San Leandro Water Pollution Control Plant,"San Leandro, CA",50000,71797.44454074865,1.435948890814973
2023-08-24,City of San Leandro Water Pollution Control Plant,"San Leandro, CA",50000,615846.3849680673,12.316927699361345
2023-08-29,City of San Leandro Water Pollution Control Plant,"San Leandro, CA",50000,60181.05623696626,1.2036211247393251
2023-08-30,City of San Leandro Water Pollution Control Plant,"San Leandro, CA",50000,776429.9224568628,15.528598449137256
2023-08-31,City of San Leandro Water Pollution Control Plant,"San Leandro, CA",50000,60855.89360445152,1.2171178720890303
2023-09-05,City of San Leandro Water Pollution Control Plant,"San Leandro, CA",50000,93207.1083572049,1.8641421671440979
2023-09-06,City of San Leandro Water Pollution Control Plant,"San Leandro, CA",50000,26849.71150748924,0.5369942301497848
2023-09-07,City of San Leandro Water Pollution Control Plant,"San Leandro, CA",50000,30079.18554124147,0.6015837108248294
2023-09-12,City of San Leandro Water Pollution Control Plant,"San Leandro, CA",50000,79844.94446455505,1.5968988892911011
2023-09-13,City of San Leandro Water Pollution Control Plant,"San Leandro, CA",50000,83985.7028247059,1.6797140564941182
2023-09-14,City of San Leandro Water Pollution Control Plant,"San Leandro, CA",50000,135266.6818901961,2.705333637803922
2023-09-19,City of San Leandro Water Pollution Control Plant,"San Leandro, CA",50000,33653.182609530595,0.6730636521906119
2023-09-20,City of San Leandro Water Pollution Control Plant,"San Leandro, CA",50000,29656.323961406782,0.5931264792281357
2023-09-21,City of San Leandro Water Pollution Control Plant,"San Leandro, CA",50000,23163.57067518208,0.4632714135036416
2023-09-26,City of San Leandro Water Pollution Control Plant,"San Leandro, CA",50000,203383.22504996185,4.067664500999237
2023-09-27,City of San Leandro Water Pollution Control Plant,"San Leandro, CA",50000,38640.03121808824,0.7728006243617648
2023-09-28,City of San Leandro Water Pollution Control Plant,"San Leandro, CA",50000,100643.7704568471,2.012875409136942
2023-10-03,City of San Leandro Water Pollution Control Plant,"San Leandro, CA",50000,173995.80763707153,3.4799161527414304
2023-10-04,City of San Leandro Water Pollution Control Plant,"San Leandro, CA",50000,147831.8776888889,2.956637553777778
2023-10-05,City of San Leandro Water Pollution Control Plant,"San Leandro, CA",50000,97626.12643078616,1.952522528615723
2023-10-10,City of San Leandro Water Pollution Control Plant,"San Leandro, CA",50000,82768.99997195677,1.6553799994391354
2023-10-11,City of San Leandro Water Pollution Control Plant,"San Leandro, CA",50000,43760.59570443256,0.8752119140886513
2023-10-12,City of San Leandro Water Pollution Control Plant,"San Leandro, CA",50000,55047.12355114439,1.1009424710228877
2023-10-17,City of San Leandro Water Pollution Control Plant,"San Leandro, CA",50000,14120.51985882353,0.2824103971764706
2023-10-18,City of San Leandro Water Pollution Control Plant,"San Leandro, CA",50000,119650.17783652178,2.3930035567304353
2023-10-19,City of San Leandro Water Pollution Control Plant,"San Leandro, CA",50000,59849.31752817338,1.1969863505634675
2023-10-24,City of San Leandro Water Pollution Control Plant,"San Leandro, CA",50000,70435.53407028462,1.4087106814056922
2023-10-25,City of San Leandro Water Pollution Control Plant,"San Leandro, CA",50000,20428.661564793038,0.40857323129586076
2023-10-26,City of San Leandro Water Pollution Control Plant,"San Leandro, CA",50000,321473.6133851662,6.429472267703324
2023-10-31,City of San Leandro Water Pollution Control Plant,"San Leandro, CA",50000,29196.15302618273,0.5839230605236546
2023-11-01,City of San Leandro Water Pollution Control Plant,"San Leandro, CA",50000,153728.46673534712,3.0745693347069425
2023-11-02,City of San Leandro Water Pollution Control Plant,"San Leandro, CA",50000,60161.41357192699,1.2032282714385398
2023-11-07,City of San Leandro Water Pollution Control Plant,"San Leandro, CA",50000,73764.55672041059,1.4752911344082118
2023-11-08,City of San Leandro Water Pollution Control Plant,"San Leandro, CA",50000,117437.97167152008,2.3487594334304016
2023-11-09,City of San Leandro Water Pollution Control Plant,"San Leandro, CA",50000,151221.92981128453,3.0244385962256906
2023-11-14,City of San Leandro Water Pollution Control Plant,"San Leandro, CA",50000,36064.1794375408,0.721283588750816
2023-11-15,City of San Leandro Water Pollution Control Plant,"San Leandro, CA",50000,74298.86164586745,1.485977232917349
2023-11-16,City of San Leandro Water Pollution Control Plant,"San Leandro, CA",50000,317985.9476377766,6.359718952755532
2023-11-21,City of San Leandro Water Pollution Control Plant,"San Leandro, CA",50000,13451.679140591346,0.26903358281182693
2023-11-22,City of San Leandro Water Pollution Control Plant,"San Leandro, CA",50000,220491.1737617309,4.409823475234618
2023-11-23,City of San Leandro Water Pollution Control Plant,"San Leandro, CA",50000,145352.56437297034,2.907051287459407
2023-11-28,City of San Leandro Water Pollution Control Plant,"San Leandro, CA",50000,110027.53067212275,2.2005506134424553
2023-11-29,City of San Leandro Water Pollution Control Plant,"San Leandro, CA",50000,46765.590785416425,0.9353118157083286
2023-11-30,City of San Leandro Water Pollution Control Plant,"San Leandro, CA",50000,126789.47408009508,2.5357894816019018
2023-12-05,City of San Leandro Water Pollution Control Plant,"San Leandro, CA",50000,21173.942201432998,0.42347884402865993
2023-12-06,City of San Leandro Water Pollution Control Plant,"San Leandro, CA",50000,117939.77672067223,2.358795534413445
2023-12-07,City of San Leandro Water Pollution Control Plant,"San Leandro, CA",50000,152770.15182076726,3.055403036415345
2023-12-12,City of San Leandro Water Pollution Control Plant,"San Leandro, CA",50000,180751.88530678736,3.6150377061357473
2023-12-13,City of San Leandro Water Pollution Control Plant,"San Leandro, CA",50000,161272.4232069565,3.22544846413913
2023-12-14,City of San Leandro Water Pollution Control Plant,"San Leandro, CA",50000,222066.70692868883,4.441334138573777
2023-12-19,City of San Leandro Water Pollution Control Plant,"San Leandro, CA",50000,115515.84324566656,2.3103168649133314
2023-12-20,City of San Leandro Water Pollution Control Plant,"San Leandro, CA",50000,129576.9304530031,2.591538609060062
2023-12-21,City of San Leandro Water Pollution Control Plant,"San Leandro, CA",50000,1441553.12153802,28.8310624307604
2023-12-26,City of San Leandro Water Pollution Control Plant,"San Leandro, CA",50000,156053.62788788928,3.1210725577577856
2023-12-27,City of San Leandro Water Pollution Control Plant,"San Leandro, CA",50000,1359018.325845899,27.18036651691798
2023-12-28,City of San Leandro Water Pollution Control Plant,"San Leandro, CA",50000,251795.21354446208,5.035904270889241
